,Crash ID,Month,Year,Dayweek,Time,Crash Type,Number Fatalities,Speed Limit,National Road Type,Christmas Period,Easter Period,Day of week,Time of Day,Count
685,20195026,12,2019,Tuesday,2:40,Multiple,1,110,Arterial Road,No,No,Weekday,Night,1
692,20195109,12,2019,Wednesday,5:07,Pedestrian,1,90,Arterial Road,Yes,No,Weekday,Night,1
693,20195055,12,2019,Sunday,10:40,Multiple,1,100,National or State Highway,No,No,Weekend,Day,1
694,20195098,12,2019,Sunday,13:30,Single,1,80,Local Road,No,No,Weekend,Day,1
715,20195115,12,2019,Saturday,12:48,Single,1,110,National or State Highway,No,No,Weekend,Day,1
716,20195083,12,2019,Saturday,13:50,Single,1,110,Arterial Road,No,No,Weekend,Day,1
717,20195099,12,2019,Sunday,15:00,Multiple,1,110,National or State Highway,No,No,Weekend,Day,1
726,20195120,12,2019,Sunday,3:45,Pedestrian,1,110,Arterial Road,No,No,Weekend,Night,1
727,20195037,12,2019,Saturday,12:48,Single,1,110,,No,No,Weekend,Day,1
728,20195070,12,2019,Friday,20:35,Single,1,110,National or State Highway,No,No,Weekend,Night,1
744,20195096,12,2019,Wednesday,14:50,Multiple,1,110,Arterial Road,No,No,Weekday,Day,1
757,20195033,12,2019,Thursday,0:05,Single,1,80,Local Road,Yes,No,Weekday,Night,1
758,20195046,12,2019,Friday,16:53,Multiple,2,100,National or State Highway,No,No,Weekday,Day,1
766,20195048,11,2019,Wednesday,19:07,Single,1,110,Arterial Road,No,No,Weekday,Night,1
776,20195011,11,2019,Thursday,17:32,Single,1,80,Local Road,No,No,Weekday,Day,1
777,20195093,11,2019,Thursday,19:31,Pedestrian,1,60,Arterial Road,No,No,Weekday,Night,1
778,20195097,11,2019,Wednesday,14:38,Single,1,70,Arterial Road,No,No,Weekday,Day,1
791,20195045,11,2019,Sunday,6:10,Single,1,110,Arterial Road,No,No,Weekend,Day,1
817,20195149,11,2019,Sunday,20:55,Pedestrian,1,50,Arterial Road,No,No,Weekend,Night,1
818,20195151,11,2019,Saturday,10:40,Single,1,110,Local Road,No,No,Weekend,Day,1
836,20195036,11,2019,Thursday,12:30,Single,1,50,Local Road,No,No,Weekday,Day,1
837,20195002,11,2019,Friday,5:22,Single,1,110,Arterial Road,No,No,Weekday,Night,1
855,20195141,10,2019,Friday,22:09,Single,2,50,Local Road,No,No,Weekend,Night,1
869,20195030,10,2019,Thursday,8:10,Single,1,110,National or State Highway,No,No,Weekday,Day,1
870,20195034,10,2019,Tuesday,17:29,Single,1,110,National or State Highway,No,No,Weekday,Day,1
878,20195101,10,2019,Thursday,11:33,Single,1,110,Arterial Road,No,No,Weekday,Day,1
896,20195016,10,2019,Tuesday,17:30,Multiple,2,80,Local Road,No,No,Weekday,Day,1
906,20195080,10,2019,Wednesday,16:00,Multiple,1,110,National or State Highway,No,No,Weekday,Day,1
920,20195126,10,2019,Thursday,18:35,Single,1,80,National or State Highway,No,No,Weekday,Night,1
944,20195062,9,2019,Wednesday,20:38,Multiple,1,60,Arterial Road,No,No,Weekday,Night,1
945,20195074,9,2019,Tuesday,18:25,Pedestrian,1,50,,No,No,Weekday,Night,1
956,20195110,9,2019,Tuesday,10:17,Single,1,60,Arterial Road,No,No,Weekday,Day,1
960,20195104,9,2019,Thursday,13:54,Single,1,100,Arterial Road,No,No,Weekday,Day,1
967,20195077,9,2019,Thursday,12:26,Multiple,1,110,National or State Highway,No,No,Weekday,Day,1
997,20195056,9,2019,Friday,12:03,Single,1,80,National or State Highway,No,No,Weekday,Day,1
998,20195116,9,2019,Monday,22:20,Multiple,1,110,National or State Highway,No,No,Weekday,Night,1
999,20195152,9,2019,Wednesday,10:45,Multiple,1,60,National or State Highway,No,No,Weekday,Day,1
1000,20195022,9,2019,Sunday,11:40,Multiple,1,60,Arterial Road,No,No,Weekend,Day,1
1001,20195075,9,2019,Sunday,13:51,Multiple,2,100,Arterial Road,No,No,Weekend,Day,1
1016,20195021,9,2019,Monday,11:45,Single,1,110,National or State Highway,No,No,Weekday,Day,1
1035,20195078,8,2019,Tuesday,15:10,Single,1,110,Local Road,No,No,Weekday,Day,1
1043,20195135,8,2019,Wednesday,19:31,Multiple,1,50,Local Road,No,No,Weekday,Night,1
1044,20195050,8,2019,Thursday,0:02,Single,1,60,Arterial Road,No,No,Weekday,Night,1
1048,20195038,8,2019,Sunday,16:50,Multiple,1,50,Local Road,No,No,Weekend,Day,1
1060,20195125,8,2019,Saturday,17:10,Single,2,110,,No,No,Weekend,Day,1
1061,20195129,8,2019,Thursday,3:57,Single,1,110,National or State Highway,No,No,Weekday,Night,1
1062,20195064,8,2019,Saturday,15:57,Single,1,110,National or State Highway,No,No,Weekend,Day,1
1063,20195084,8,2019,Monday,19:29,Single,1,110,Arterial Road,No,No,Weekday,Night,1
1075,20195057,8,2019,Friday,17:55,Single,1,80,Local Road,No,No,Weekday,Day,1
1086,20195102,8,2019,Wednesday,9:09,Multiple,1,60,Local Road,No,No,Weekday,Day,1
1087,20195028,8,2019,Saturday,17:44,Multiple,1,50,Local Road,No,No,Weekend,Day,1
1088,20195029,8,2019,Tuesday,18:20,Multiple,1,110,Arterial Road,No,No,Weekday,Night,1
1100,20195019,8,2019,Tuesday,19:20,Multiple,1,60,Arterial Road,No,No,Weekday,Night,1
1101,20195092,8,2019,Wednesday,14:32,Single,1,110,Arterial Road,No,No,Weekday,Day,1
1109,20195076,8,2019,Saturday,6:09,Single,1,60,Arterial Road,No,No,Weekend,Day,1
1120,20195142,7,2019,Monday,14:56,Single,1,80,Local Road,No,No,Weekday,Day,1
1133,20195136,7,2019,Tuesday,2:40,Multiple,1,60,Arterial Road,No,No,Weekday,Night,1
1141,20195130,7,2019,Tuesday,23:44,Single,1,110,National or State Highway,No,No,Weekday,Night,1
1142,20195013,7,2019,Wednesday,21:25,Single,1,50,Local Road,No,No,Weekday,Night,1
1152,20195063,7,2019,Thursday,17:07,Single,1,110,Local Road,No,No,Weekday,Day,1
1160,20195025,7,2019,Saturday,4:00,Single,1,100,National or State Highway,No,No,Weekend,Night,1
1161,20195044,7,2019,Tuesday,6:30,Multiple,1,110,National or State Highway,No,No,Weekday,Day,1
1162,20195065,7,2019,Tuesday,8:47,Single,1,110,Local Road,No,No,Weekday,Day,1
1175,20195094,7,2019,Friday,21:40,Single,1,90,Local Road,No,No,Weekend,Night,1
1182,20195123,7,2019,Sunday,4:45,Pedestrian,1,50,Local Road,No,No,Weekend,Night,1
1203,20195095,6,2019,Friday,6:44,Multiple,1,110,National or State Highway,No,No,Weekday,Day,1
1209,20195134,6,2019,Thursday,6:20,Single,1,110,Local Road,No,No,Weekday,Day,1
1210,20195035,6,2019,Saturday,14:40,Single,1,110,Arterial Road,No,No,Weekend,Day,1
1211,20195042,6,2019,Saturday,1:20,Multiple,1,110,Local Road,No,No,Weekend,Night,1
1212,20195047,6,2019,Monday,10:37,Single,1,20,Local Road,No,No,Weekday,Day,1
1213,20195089,6,2019,Wednesday,23:04,Single,1,110,National or State Highway,No,No,Weekday,Night,1
1222,20195015,6,2019,Sunday,12:55,Single,1,100,Local Road,No,No,Weekend,Day,1
1230,20195128,6,2019,Saturday,15:46,Pedestrian,1,60,Arterial Road,No,No,Weekend,Day,1
1231,20195006,6,2019,Monday,15:10,Multiple,1,110,National or State Highway,No,No,Weekday,Day,1
1232,20195009,6,2019,Saturday,1:11,Single,1,50,Local Road,No,No,Weekend,Night,1
1244,20195032,6,2019,Tuesday,21:23,Single,1,80,Local Road,No,No,Weekday,Night,1
1245,20195061,6,2019,Wednesday,22:15,Multiple,1,110,National or State Highway,No,No,Weekday,Night,1
1253,20195121,6,2019,Wednesday,0:30,Single,2,110,National or State Highway,No,No,Weekday,Night,1
1254,20195132,6,2019,Thursday,6:43,Multiple,1,70,Arterial Road,No,No,Weekday,Day,1
1255,20195087,6,2019,Saturday,5:03,Multiple,1,110,National or State Highway,No,No,Weekend,Night,1
1268,20195023,6,2019,Saturday,12:00,Multiple,1,70,Local Road,No,No,Weekend,Day,1
1291,20195001,5,2019,Saturday,6:49,Single,1,110,National or State Highway,No,No,Weekend,Day,1
1310,20195004,5,2019,Saturday,21:14,Multiple,1,110,National or State Highway,No,No,Weekend,Night,1
1311,20195008,5,2019,Thursday,0:29,Pedestrian,2,-9,National or State Highway,No,No,Weekday,Night,1
1323,20195068,5,2019,Thursday,17:55,Pedestrian,1,110,National or State Highway,No,No,Weekday,Day,1
1331,20195138,5,2019,Thursday,21:17,Single,1,60,Local Road,No,No,Weekday,Night,1
1333,20195114,5,2019,Wednesday,6:00,Single,1,-9,Access road,No,No,Weekday,Day,1
1345,20195140,5,2019,Thursday,16:01,Single,1,110,National or State Highway,No,No,Weekday,Day,1
1346,20195014,5,2019,Wednesday,12:17,Single,1,20,,No,No,Weekday,Day,1
1347,20195020,5,2019,Friday,13:20,Single,1,70,Arterial Road,No,No,Weekday,Day,1
1348,20195067,5,2019,Friday,18:49,Single,1,60,Local Road,No,No,Weekend,Night,1
1358,20195119,5,2019,Saturday,11:35,Single,1,60,Arterial Road,No,No,Weekend,Day,1
1363,20195040,5,2019,Saturday,11:00,Single,1,110,Arterial Road,No,No,Weekend,Day,1
1372,20195058,5,2019,Wednesday,16:16,Multiple,1,60,Local Road,No,No,Weekday,Day,1
1381,20195150,4,2019,Saturday,11:45,Single,1,110,,No,No,Weekend,Day,1
1382,20195052,4,2019,Sunday,0:05,Multiple,1,60,National or State Highway,No,No,Weekend,Night,1
1383,20195085,4,2019,Wednesday,3:02,Single,1,110,Arterial Road,No,No,Weekday,Night,1
1393,20195144,4,2019,Saturday,10:41,Single,1,110,Local Road,No,Yes,Weekend,Day,1
1394,20195017,4,2019,Wednesday,15:53,Single,1,50,National or State Highway,No,No,Weekday,Day,1
1417,20195118,4,2019,Sunday,4:32,Pedestrian,1,100,National or State Highway,No,No,Weekend,Night,1
1418,20195005,4,2019,Saturday,11:35,Multiple,1,110,Local Road,No,No,Weekend,Day,1
1427,20195131,4,2019,Sunday,20:13,Single,1,110,National or State Highway,No,No,Weekend,Night,1
1428,20195031,4,2019,Friday,20:45,Single,1,60,National or State Highway,No,Yes,Weekend,Night,1
1429,20195054,4,2019,Monday,13:10,Multiple,1,-9,National or State Highway,No,No,Weekday,Day,1
1454,20195113,4,2019,Sunday,1:18,Single,1,100,National or State Highway,No,No,Weekend,Night,1
1455,20195012,4,2019,Friday,15:41,Single,1,110,Local Road,No,No,Weekday,Day,1
1456,20195041,4,2019,Sunday,16:16,Multiple,1,50,Local Road,No,No,Weekend,Day,1
1457,20195073,4,2019,Friday,16:20,Single,1,110,Local Road,No,No,Weekday,Day,1
1464,20195043,4,2019,Monday,0:55,Single,1,80,National or State Highway,No,No,Weekend,Night,1
1473,20195117,3,2019,Saturday,20:30,Multiple,1,60,Arterial Road,No,No,Weekend,Night,1
1474,20195122,3,2019,Thursday,10:38,Multiple,1,60,Arterial Road,No,No,Weekday,Day,1
1501,20195112,3,2019,Sunday,14:57,Multiple,1,110,National or State Highway,No,No,Weekend,Day,1
1511,20195086,3,2019,Tuesday,22:10,Single,1,90,Arterial Road,No,No,Weekday,Night,1
1537,20195127,3,2019,Sunday,1:40,Single,1,60,Arterial Road,No,No,Weekend,Night,1
1538,20195139,3,2019,Friday,17:21,Single,1,110,Arterial Road,No,No,Weekday,Day,1
1546,20195100,3,2019,Sunday,13:11,Single,1,110,,No,No,Weekend,Day,1
1547,20195124,3,2019,Tuesday,15:20,Single,1,60,,No,No,Weekday,Day,1
1548,20195024,3,2019,Sunday,17:58,Multiple,1,80,Local Road,No,No,Weekend,Day,1
1549,20195066,3,2019,Thursday,18:33,Single,1,110,Arterial Road,No,No,Weekday,Night,1
1565,20195111,3,2019,Friday,3:23,Single,1,110,National or State Highway,No,No,Weekday,Night,1
1566,20195088,3,2019,Sunday,17:15,Multiple,1,90,Local Road,No,No,Weekend,Day,1
1594,20195103,2,2019,Wednesday,21:51,Pedestrian,1,70,National or State Highway,No,No,Weekday,Night,1
1605,20195133,2,2019,Saturday,15:15,Single,1,90,Local Road,No,No,Weekend,Day,1
1606,20195010,2,2019,Friday,10:42,Single,1,110,Local Road,No,No,Weekday,Day,1
1607,20195018,2,2019,Wednesday,15:39,Single,1,110,Local Road,No,No,Weekday,Day,1
1619,20195051,2,2019,Friday,2:52,Single,1,110,National or State Highway,No,No,Weekday,Night,1
1620,20195053,2,2019,Thursday,22:49,Single,1,90,Local Road,No,No,Weekday,Night,1
1621,20195072,2,2019,Thursday,0:25,Multiple,1,80,National or State Highway,No,No,Weekday,Night,1
1627,20195090,2,2019,Friday,10:30,Single,1,80,Arterial Road,No,No,Weekday,Day,1
1637,20195108,2,2019,Thursday,11:27,Single,1,110,National or State Highway,No,No,Weekday,Day,1
1638,20195143,2,2019,Tuesday,13:04,Pedestrian,1,50,Local Road,No,No,Weekday,Day,1
1639,20195146,2,2019,Tuesday,11:20,Single,1,110,Arterial Road,No,No,Weekday,Day,1
1640,20195049,2,2019,Saturday,1:50,Single,1,100,Local Road,No,No,Weekend,Night,1
1652,20195059,2,2019,Thursday,10:43,Pedestrian,1,60,Arterial Road,No,No,Weekday,Day,1
1654,20195027,1,2019,Tuesday,22:30,Pedestrian,1,50,,No,No,Weekday,Night,1
1664,20195145,1,2019,Friday,2:00,Single,1,110,Arterial Road,No,No,Weekday,Night,1
1665,20195147,1,2019,Tuesday,21:15,Pedestrian,1,60,Local Road,No,No,Weekday,Night,1
1666,20195007,1,2019,Sunday,19:48,Multiple,1,110,Arterial Road,No,No,Weekend,Night,1
1674,20195137,1,2019,Monday,19:15,Single,1,40,Local Road,No,No,Weekday,Night,1
1675,20195069,1,2019,Sunday,18:52,Single,1,50,,No,No,Weekend,Night,1
1687,20195003,1,2019,Tuesday,15:48,Single,1,110,Local Road,No,No,Weekday,Day,1
1707,20195106,1,2019,Saturday,18:30,Single,1,60,Arterial Road,No,No,Weekend,Night,1
1708,20195153,1,2019,Friday,8:00,Multiple,1,90,National or State Highway,No,No,Weekday,Day,1
1709,20195039,1,2019,Tuesday,10:29,Single,1,80,Arterial Road,No,No,Weekday,Day,1
1722,20195082,1,2019,Monday,20:30,Single,1,110,,No,No,Weekday,Night,1
1733,20195105,1,2019,Friday,13:15,Multiple,1,110,National or State Highway,No,No,Weekday,Day,1
1734,20195107,1,2019,Wednesday,5:45,Single,1,110,Arterial Road,No,No,Weekday,Night,1
1735,20195154,1,2019,Saturday,7:26,Single,2,50,Arterial Road,No,No,Weekend,Day,1
1736,20195091,1,2019,Monday,9:47,Single,1,110,National or State Highway,No,No,Weekday,Day,1
1742,20195148,1,2019,Friday,16:27,Multiple,2,100,National or State Highway,No,No,Weekday,Day,1
1743,20195060,1,2019,Saturday,3:40,Single,1,90,Arterial Road,No,No,Weekend,Night,1
1744,20195079,1,2019,Thursday,9:03,Pedestrian,1,50,National or State Highway,No,No,Weekday,Day,1
1761,20195071,1,2019,Friday,12:29,Multiple,1,100,Arterial Road,No,No,Weekday,Day,1
1762,20195081,1,2019,Monday,11:11,Single,1,90,Local Road,No,No,Weekday,Day,1
1781,20185035,12,2018,Thursday,2:40,Pedestrian,1,50,,Yes,No,Weekday,Night,1
1782,20185097,12,2018,Thursday,12:00,Multiple,1,110,National or State Highway,Yes,No,Weekday,Day,1
1787,20185036,12,2018,Wednesday,12:31,Pedestrian,1,50,Local Road,Yes,No,Weekday,Day,1
1795,20185134,12,2018,Saturday,20:01,Pedestrian,1,50,Local Road,No,No,Weekend,Night,1
1796,20185114,12,2018,Saturday,9:02,Multiple,1,110,National or State Highway,No,No,Weekend,Day,1
1802,20185100,12,2018,Friday,21:40,Single,1,110,National or State Highway,No,No,Weekend,Night,1
1812,20185132,12,2018,Tuesday,12:30,Single,1,110,Local Road,No,No,Weekday,Day,1
1823,20185138,12,2018,Thursday,6:20,Single,1,110,National or State Highway,No,No,Weekday,Day,1
1832,20185139,12,2018,Sunday,15:18,Multiple,3,110,Arterial Road,No,No,Weekend,Day,1
1833,20185076,12,2018,Sunday,17:20,Single,1,90,National or State Highway,No,No,Weekend,Day,1
1845,20185085,12,2018,Tuesday,23:05,Single,1,80,National or State Highway,No,No,Weekday,Night,1
1859,20185041,11,2018,Thursday,6:32,Single,1,110,Local Road,No,No,Weekday,Day,1
1863,20185001,11,2018,Wednesday,6:00,Single,1,110,Local Road,No,No,Weekday,Day,1
1870,20185016,11,2018,Monday,2:04,Single,1,90,National or State Highway,No,No,Weekend,Night,1
1873,20185049,11,2018,Sunday,11:01,Multiple,1,110,National or State Highway,No,No,Weekend,Day,1
1874,20185007,11,2018,Sunday,6:32,Single,2,110,National or State Highway,No,No,Weekend,Day,1
1879,20185008,11,2018,Saturday,5:00,Single,1,110,Local Road,No,No,Weekend,Night,1
1881,20185067,11,2018,Friday,15:45,Single,1,110,Arterial Road,No,No,Weekday,Day,1
1915,20185104,11,2018,Sunday,0:08,Multiple,1,100,National or State Highway,No,No,Weekend,Night,1
1920,20185048,11,2018,Saturday,15:14,Multiple,1,110,Arterial Road,No,No,Weekend,Day,1
1922,20185044,11,2018,Thursday,16:00,Multiple,1,110,National or State Highway,No,No,Weekday,Day,1
1925,20185111,11,2018,Tuesday,8:37,Multiple,1,80,National or State Highway,No,No,Weekday,Day,1
1932,20185052,11,2018,Sunday,10:53,Multiple,1,60,Arterial Road,No,No,Weekend,Day,1
1939,20185005,11,2018,Saturday,8:30,Single,1,70,Local Road,No,No,Weekend,Day,1
1944,20185032,11,2018,Thursday,13:55,Single,1,110,National or State Highway,No,No,Weekday,Day,1
1947,20185091,10,2018,Wednesday,10:49,Multiple,1,50,Local Road,No,No,Weekday,Day,1
1957,20185094,10,2018,Saturday,22:40,Single,1,110,National or State Highway,No,No,Weekend,Night,1
1958,20185106,10,2018,Saturday,10:35,Single,1,70,Arterial Road,No,No,Weekend,Day,1
1964,20185029,10,2018,Wednesday,11:40,Single,1,110,Local Road,No,No,Weekday,Day,1
1984,20185031,10,2018,Saturday,4:20,Single,1,110,Arterial Road,No,No,Weekend,Night,1
1985,20185095,10,2018,Saturday,19:30,Single,1,50,Local Road,No,No,Weekend,Night,1
1994,20185004,10,2018,Tuesday,23:00,Single,1,110,Local Road,No,No,Weekday,Night,1
2008,20185092,10,2018,Thursday,15:30,Single,1,110,National or State Highway,No,No,Weekday,Day,1
2019,20185043,9,2018,Saturday,21:16,Pedestrian,1,90,National or State Highway,No,No,Weekend,Night,1
2025,20185079,9,2018,Friday,5:45,Single,1,50,Local Road,No,No,Weekday,Night,1
2035,20185103,9,2018,Sunday,20:22,Multiple,1,110,National or State Highway,No,No,Weekend,Night,1
2041,20185070,9,2018,Saturday,3:00,Single,1,110,National or State Highway,No,No,Weekend,Night,1
2042,20185034,9,2018,Saturday,12:13,Single,1,110,National or State Highway,No,No,Weekend,Day,1
2061,20185028,9,2018,Sunday,10:20,Multiple,1,110,National or State Highway,No,No,Weekend,Day,1
2071,20185050,9,2018,Friday,21:15,Single,1,110,Arterial Road,No,No,Weekend,Night,1
2084,20185056,9,2018,Saturday,16:00,Single,1,60,,No,No,Weekend,Day,1
2091,20185046,9,2018,Thursday,23:15,Single,1,110,National or State Highway,No,No,Weekday,Night,1
2092,20185078,9,2018,Wednesday,15:27,Single,1,80,Arterial Road,No,No,Weekday,Day,1
2095,20185021,9,2018,Tuesday,14:15,Single,2,110,Local Road,No,No,Weekday,Day,1
2099,20185062,9,2018,Monday,16:34,Multiple,1,90,National or State Highway,No,No,Weekday,Day,1
2100,20185140,9,2018,Monday,7:02,Single,1,110,National or State Highway,No,No,Weekday,Day,1
2105,20185098,9,2018,Sunday,19:48,Multiple,1,110,National or State Highway,No,No,Weekend,Night,1
2136,20185020,8,2018,Friday,2:59,Single,1,70,National or State Highway,No,No,Weekday,Night,1
2155,20185126,8,2018,Sunday,23:40,Multiple,2,110,National or State Highway,No,No,Weekend,Night,1
2156,20185051,8,2018,Sunday,12:33,Single,1,110,Arterial Road,No,No,Weekend,Day,1
2172,20185003,8,2018,Monday,13:50,Multiple,1,70,Arterial Road,No,No,Weekday,Day,1
2177,20185127,8,2018,Saturday,1:30,Pedestrian,1,70,Local Road,No,No,Weekend,Night,1
2178,20185027,8,2018,Saturday,3:46,Single,1,-9,,No,No,Weekend,Night,1
2179,20185083,8,2018,Saturday,12:15,Single,1,110,,No,No,Weekend,Day,1
2183,20185093,8,2018,Wednesday,5:56,Single,1,100,Arterial Road,No,No,Weekday,Night,1
2199,20185010,8,2018,Saturday,0:10,Single,1,60,,No,No,Weekend,Night,1
2200,20185145,8,2018,Saturday,7:45,Single,1,100,National or State Highway,No,No,Weekend,Day,1
2201,20185119,8,2018,Friday,23:39,Single,2,90,Arterial Road,No,No,Weekend,Night,1
2204,20185022,8,2018,Thursday,14:50,Multiple,2,110,National or State Highway,No,No,Weekday,Day,1
2209,20185011,7,2018,Tuesday,18:23,Pedestrian,1,50,Arterial Road,No,No,Weekday,Night,1
2212,20185024,7,2018,Monday,18:10,Single,1,110,National or State Highway,No,No,Weekday,Night,1
2213,20185142,7,2018,Monday,12:35,Single,1,70,Arterial Road,No,No,Weekday,Day,1
2223,20185006,7,2018,Wednesday,14:56,Single,1,80,Local Road,No,No,Weekday,Day,1
2229,20185025,7,2018,Sunday,4:38,Single,1,90,Local Road,No,No,Weekend,Night,1
2248,20185038,7,2018,Tuesday,4:00,Single,1,110,Local Road,No,No,Weekday,Night,1
2262,20185116,7,2018,Thursday,2:40,Multiple,1,60,Arterial Road,No,No,Weekday,Night,1
2263,20185058,7,2018,Thursday,8:43,Multiple,1,60,National or State Highway,No,No,Weekday,Day,1
2266,20185033,7,2018,Tuesday,10:00,Multiple,1,90,,No,No,Weekday,Day,1
2273,20185115,7,2018,Saturday,9:13,Multiple,1,70,Local Road,No,No,Weekend,Day,1
2285,20185087,7,2018,Wednesday,6:30,Single,1,110,,No,No,Weekday,Day,1
2295,20185112,6,2018,Saturday,1:20,Single,1,60,,No,No,Weekend,Night,1
2296,20185118,6,2018,Friday,12:42,Single,1,100,National or State Highway,No,No,Weekday,Day,1
2314,20185018,6,2018,Saturday,3:15,Single,1,110,Arterial Road,No,No,Weekend,Night,1
2323,20185065,6,2018,Sunday,10:22,Single,1,110,Local Road,No,No,Weekend,Day,1
2336,20185131,6,2018,Wednesday,6:00,Pedestrian,1,60,Arterial Road,No,No,Weekday,Day,1
2337,20185128,6,2018,Wednesday,11:26,Multiple,1,60,Arterial Road,No,No,Weekday,Day,1
2342,20185045,6,2018,Monday,10:30,Single,1,110,Arterial Road,No,No,Weekday,Day,1
2348,20185054,6,2018,Sunday,1:24,Single,1,60,Arterial Road,No,No,Weekend,Night,1
2350,20185075,6,2018,Saturday,1:35,Single,1,70,Arterial Road,No,No,Weekend,Night,1
2366,20185014,6,2018,Sunday,11:37,Multiple,1,110,National or State Highway,No,No,Weekend,Day,1
2369,20185013,5,2018,Thursday,16:40,Pedestrian,1,50,,No,No,Weekday,Day,1
2380,20185012,5,2018,Sunday,10:56,Pedestrian,1,50,Local Road,No,No,Weekend,Day,1
2388,20185125,5,2018,Friday,9:40,Single,1,110,Local Road,No,No,Weekday,Day,1
2409,20185080,5,2018,Wednesday,20:29,Single,1,60,,No,No,Weekday,Night,1
2425,20185109,5,2018,Wednesday,15:11,Single,1,110,Local Road,No,No,Weekday,Day,1
2427,20185086,5,2018,Tuesday,8:45,Multiple,1,50,Local Road,No,No,Weekday,Day,1
2434,20185129,5,2018,Sunday,15:12,Multiple,1,50,,No,No,Weekend,Day,1
2435,20185144,5,2018,Sunday,8:15,Single,1,110,National or State Highway,No,No,Weekend,Day,1
2442,20185074,5,2018,Saturday,2:50,Single,1,110,National or State Highway,No,No,Weekend,Night,1
2447,20185120,5,2018,Thursday,15:24,Multiple,1,70,Local Road,No,No,Weekday,Day,1
2453,20185123,5,2018,Tuesday,20:54,Single,1,100,Local Road,No,No,Weekday,Night,1
2454,20185135,5,2018,Tuesday,21:00,Single,1,60,Arterial Road,No,No,Weekday,Night,1
2459,20185047,4,2018,Sunday,11:28,Single,1,110,Arterial Road,No,No,Weekend,Day,1
2461,20185066,4,2018,Saturday,5:44,Single,2,110,Arterial Road,No,No,Weekend,Night,1
2465,20185026,4,2018,Friday,19:47,Single,1,110,Arterial Road,No,No,Weekend,Night,1
2468,20185023,4,2018,Wednesday,0:10,Single,1,50,Arterial Road,No,No,Weekday,Night,1
2469,20185073,4,2018,Wednesday,15:30,Multiple,1,60,Arterial Road,No,No,Weekday,Day,1
2481,20185117,4,2018,Sunday,10:30,Multiple,1,110,National or State Highway,No,No,Weekend,Day,1
2487,20185141,4,2018,Friday,23:49,Single,1,100,National or State Highway,No,No,Weekend,Night,1
2488,20185102,4,2018,Friday,16:21,Multiple,1,60,Arterial Road,No,No,Weekday,Day,1
2491,20185040,4,2018,Thursday,17:20,Multiple,1,80,National or State Highway,No,No,Weekday,Day,1
2495,20185039,4,2018,Wednesday,11:28,Multiple,2,110,National or State Highway,No,No,Weekday,Day,1
2500,20185064,4,2018,Monday,11:00,Single,1,110,National or State Highway,No,No,Weekday,Day,1
2509,20185082,4,2018,Friday,18:06,Multiple,1,100,National or State Highway,No,No,Weekend,Night,1
2510,20185042,4,2018,Thursday,13:23,Single,1,110,National or State Highway,No,No,Weekday,Day,1
2512,20185077,4,2018,Wednesday,16:07,Multiple,1,70,Local Road,No,No,Weekday,Day,1
2516,20185019,4,2018,Tuesday,18:37,Multiple,1,70,National or State Highway,No,No,Weekday,Night,1
2520,20185017,4,2018,Sunday,22:15,Single,1,-9,Local Road,No,No,Weekend,Night,1
2531,20185063,4,2018,Monday,12:00,Multiple,1,110,National or State Highway,No,Yes,Weekday,Day,1
2535,20185136,4,2018,Sunday,11:33,Multiple,1,50,Arterial Road,No,Yes,Weekend,Day,1
2547,20185099,3,2018,Wednesday,12:45,Single,1,110,Local Road,No,No,Weekday,Day,1
2562,20185069,3,2018,Saturday,4:56,Single,1,100,National or State Highway,No,No,Weekend,Night,1
2563,20185110,3,2018,Saturday,17:25,Pedestrian,1,50,Arterial Road,No,No,Weekend,Day,1
2570,20185059,3,2018,Friday,6:23,Pedestrian,1,60,National or State Highway,No,No,Weekday,Day,1
2574,20185072,3,2018,Thursday,15:34,Multiple,1,70,National or State Highway,No,No,Weekday,Day,1
2580,20185105,3,2018,Monday,12:02,Pedestrian,1,60,Arterial Road,No,No,Weekday,Day,1
2583,20185137,3,2018,Sunday,3:30,Single,1,50,Arterial Road,No,No,Weekend,Night,1
2584,20185060,3,2018,Sunday,22:47,Single,1,80,Local Road,No,No,Weekend,Night,1
2596,20185143,3,2018,Wednesday,15:40,Multiple,2,110,National or State Highway,No,No,Weekday,Day,1
2605,20185088,3,2018,Saturday,14:00,Multiple,1,90,Arterial Road,No,No,Weekend,Day,1
2614,20185030,3,2018,Friday,13:05,Single,1,80,Local Road,No,No,Weekday,Day,1
2632,20185071,3,2018,Saturday,21:12,Multiple,1,70,,No,No,Weekend,Night,1
2638,20185107,3,2018,Friday,22:15,Single,1,80,Local Road,No,No,Weekend,Night,1
2639,20185061,3,2018,Friday,18:50,Multiple,1,50,Arterial Road,No,No,Weekend,Night,1
2644,20185089,2,2018,Tuesday,16:30,Single,1,70,Local Road,No,No,Weekday,Day,1
2650,20185055,2,2018,Sunday,12:20,Single,1,60,,No,No,Weekend,Day,1
2660,20185057,2,2018,Friday,21:28,Single,1,50,Local Road,No,No,Weekend,Night,1
2666,20185009,2,2018,Wednesday,15:37,Single,1,110,Local Road,No,No,Weekday,Day,1
2669,20185084,2,2018,Tuesday,6:46,Single,1,70,Arterial Road,No,No,Weekday,Day,1
2692,20185002,2,2018,Sunday,3:35,Pedestrian,1,70,Arterial Road,No,No,Weekend,Night,1
2695,20185121,2,2018,Friday,0:25,Single,1,110,Arterial Road,No,No,Weekday,Night,1
2698,20185053,2,2018,Thursday,11:45,Single,1,90,,No,No,Weekday,Day,1
2699,20185133,2,2018,Thursday,17:54,Single,1,80,National or State Highway,No,No,Weekday,Day,1
2719,20185108,2,2018,Saturday,19:40,Single,1,70,Arterial Road,No,No,Weekend,Night,1
2720,20185124,2,2018,Saturday,10:37,Single,1,110,Arterial Road,No,No,Weekend,Day,1
2727,20185096,1,2018,Tuesday,6:25,Multiple,1,70,Local Road,No,No,Weekday,Day,1
2733,20185015,1,2018,Monday,2:50,Single,1,50,,No,No,Weekend,Night,1
2739,20185130,1,2018,Sunday,16:40,Single,1,110,National or State Highway,No,No,Weekend,Day,1
2746,20185090,1,2018,Thursday,17:17,Pedestrian,1,60,Arterial Road,No,No,Weekday,Day,1
2757,20185068,1,2018,Saturday,6:00,Multiple,1,110,National or State Highway,No,No,Weekend,Day,1
2776,20185101,1,2018,Thursday,13:41,Multiple,1,100,National or State Highway,No,No,Weekday,Day,1
2782,20185081,1,2018,Wednesday,12:14,Multiple,3,110,National or State Highway,No,No,Weekday,Day,1
2786,20185113,1,2018,Tuesday,16:16,Multiple,1,60,Local Road,No,No,Weekday,Day,1
2797,20185122,1,2018,Friday,6:26,Single,2,110,National or State Highway,No,No,Weekday,Day,1
2808,20185037,1,2018,Tuesday,5:30,Single,1,110,Local Road,Yes,No,Weekday,Night,1
2817,20175017,12,2017,Sunday,18:00,Single,1,-9,,Yes,No,Weekend,Night,1
2822,20175084,12,2017,Friday,20:00,Single,1,50,Local Road,Yes,No,Weekend,Night,1
2837,20175142,12,2017,Tuesday,15:25,Multiple,1,100,National or State Highway,Yes,No,Weekday,Day,1
2841,20175053,12,2017,Monday,5:06,Single,1,110,National or State Highway,Yes,No,Weekend,Night,1
2860,20175067,12,2017,Thursday,13:39,Multiple,1,60,National or State Highway,No,No,Weekday,Day,1
2862,20175021,12,2017,Wednesday,15:30,Single,1,110,National or State Highway,No,No,Weekday,Day,1
2863,20175043,12,2017,Wednesday,17:08,Single,1,110,National or State Highway,No,No,Weekday,Day,1
2879,20175051,12,2017,Saturday,11:27,Single,1,110,Arterial Road,No,No,Weekend,Day,1
2882,20175029,12,2017,Friday,5:39,Multiple,1,60,National or State Highway,No,No,Weekday,Night,1
2888,20175126,12,2017,Thursday,21:15,Multiple,1,100,National or State Highway,No,No,Weekday,Night,1
2889,20175054,12,2017,Wednesday,3:40,Single,1,110,National or State Highway,No,No,Weekday,Night,1
2890,20175119,12,2017,Wednesday,15:20,Multiple,1,110,National or State Highway,No,No,Weekday,Day,1
2894,20175046,12,2017,Tuesday,16:20,Pedestrian,1,50,Arterial Road,No,No,Weekday,Day,1
2904,20175026,12,2017,Sunday,17:09,Single,1,70,Arterial Road,No,No,Weekend,Day,1
2912,20175151,12,2017,Friday,11:50,Pedestrian,1,50,Local Road,No,No,Weekday,Day,1
2918,20175073,12,2017,Thursday,14:00,Single,1,80,Local Road,No,No,Weekday,Day,1
2922,20175004,12,2017,Tuesday,20:12,Multiple,1,60,Local Road,No,No,Weekday,Night,1
2923,20175123,12,2017,Tuesday,16:27,Single,1,50,Local Road,No,No,Weekday,Day,1
2925,20175052,12,2017,Monday,19:50,Multiple,1,50,Local Road,No,No,Weekday,Night,1
2926,20175117,12,2017,Monday,8:20,Multiple,1,70,Arterial Road,No,No,Weekday,Day,1
2949,20175045,11,2017,Saturday,6:10,Single,1,110,Local Road,No,No,Weekend,Day,1
2954,20175078,11,2017,Friday,4:04,Multiple,1,90,Arterial Road,No,No,Weekday,Night,1
2973,20175122,11,2017,Saturday,1:37,Single,1,110,Arterial Road,No,No,Weekend,Night,1
2974,20175083,11,2017,Saturday,5:31,Multiple,1,80,National or State Highway,No,No,Weekend,Night,1
2975,20175012,11,2017,Saturday,23:49,Pedestrian,1,50,Local Road,No,No,Weekend,Night,1
2978,20175072,11,2017,Thursday,0:20,Pedestrian,1,60,,No,No,Weekday,Night,1
2983,20175010,11,2017,Wednesday,7:30,Single,1,110,Arterial Road,No,No,Weekday,Day,1
3004,20175014,11,2017,Tuesday,3:15,Single,1,90,Arterial Road,No,No,Weekday,Night,1
3009,20175036,11,2017,Monday,13:09,Multiple,1,110,National or State Highway,No,No,Weekday,Day,1
3019,20175140,11,2017,Sunday,8:19,Single,2,80,Local Road,No,No,Weekend,Day,1
3024,20175079,11,2017,Saturday,22:18,Pedestrian,1,50,,No,No,Weekend,Night,1
3035,20175033,10,2017,Tuesday,16:42,Multiple,1,110,National or State Highway,No,No,Weekday,Day,1
3044,20175145,10,2017,Saturday,0:35,Single,1,50,Arterial Road,No,No,Weekend,Night,1
3055,20175086,10,2017,Thursday,23:47,Multiple,1,110,National or State Highway,No,No,Weekday,Night,1
3059,20175022,10,2017,Tuesday,8:00,Single,1,110,National or State Highway,No,No,Weekday,Day,1
3074,20175090,10,2017,Wednesday,19:44,Single,1,60,,No,No,Weekday,Night,1
3089,20175121,10,2017,Saturday,13:22,Single,1,110,Local Road,No,No,Weekend,Day,1
3092,20175087,10,2017,Friday,7:20,Single,1,110,Local Road,No,No,Weekday,Day,1
3094,20175076,10,2017,Thursday,11:36,Multiple,1,50,Local Road,No,No,Weekday,Day,1
3098,20175002,10,2017,Tuesday,17:00,Single,1,100,Arterial Road,No,No,Weekday,Day,1
3100,20175055,10,2017,Monday,12:52,Multiple,1,50,Local Road,No,No,Weekday,Day,1
3101,20175131,10,2017,Monday,11:55,Single,1,110,National or State Highway,No,No,Weekday,Day,1
3105,20175107,10,2017,Sunday,10:10,Multiple,1,80,Arterial Road,No,No,Weekend,Day,1
3111,20175038,10,2017,Friday,22:12,Multiple,1,70,National or State Highway,No,No,Weekend,Night,1
3112,20175132,10,2017,Friday,19:45,Single,2,50,Local Road,No,No,Weekend,Night,1
3114,20175050,10,2017,Thursday,12:30,Pedestrian,1,20,,No,No,Weekday,Day,1
3122,20175035,10,2017,Monday,8:48,Multiple,1,50,Local Road,No,No,Weekday,Day,1
3150,20175088,9,2017,Friday,15:29,Single,1,110,Arterial Road,No,No,Weekday,Day,1
3158,20175102,9,2017,Wednesday,17:15,Single,1,70,National or State Highway,No,No,Weekday,Day,1
3162,20175019,9,2017,Monday,18:17,Single,1,70,Arterial Road,No,No,Weekday,Night,1
3163,20175008,9,2017,Monday,19:50,Pedestrian,1,60,National or State Highway,No,No,Weekday,Night,1
3164,20175059,9,2017,Monday,15:49,Multiple,1,80,Arterial Road,No,No,Weekday,Day,1
3169,20175093,9,2017,Sunday,6:09,Multiple,1,110,Arterial Road,No,No,Weekend,Day,1
3172,20175101,9,2017,Thursday,5:30,Multiple,1,90,National or State Highway,No,No,Weekday,Night,1
3175,20175028,9,2017,Wednesday,13:40,Single,1,110,Local Road,No,No,Weekday,Day,1
3187,20175130,9,2017,Friday,16:07,Single,1,60,National or State Highway,No,No,Weekday,Day,1
3209,20175027,9,2017,Saturday,14:54,Single,1,100,National or State Highway,No,No,Weekend,Day,1
3213,20175037,9,2017,Friday,19:30,Pedestrian,1,110,National or State Highway,No,No,Weekend,Night,1
3214,20175040,9,2017,Friday,11:48,Single,1,60,,No,No,Weekday,Day,1
3241,20175094,8,2017,Thursday,16:40,Multiple,1,60,Arterial Road,No,No,Weekday,Day,1
3246,20175057,8,2017,Wednesday,10:25,Single,1,110,Local Road,No,No,Weekday,Day,1
3260,20175100,8,2017,Thursday,7:15,Multiple,3,110,Arterial Road,No,No,Weekday,Day,1
3261,20175141,8,2017,Thursday,16:08,Single,1,110,Local Road,No,No,Weekday,Day,1
3292,20175047,8,2017,Tuesday,12:55,Pedestrian,1,70,National or State Highway,No,No,Weekday,Day,1
3304,20175034,8,2017,Friday,20:40,Single,1,90,National or State Highway,No,No,Weekend,Night,1
3305,20175066,8,2017,Friday,11:34,Multiple,1,100,National or State Highway,No,No,Weekday,Day,1
3310,20175041,8,2017,Wednesday,13:25,Multiple,1,110,Arterial Road,No,No,Weekday,Day,1
3315,20175138,8,2017,Tuesday,7:10,Multiple,1,70,Local Road,No,No,Weekday,Day,1
3318,20175009,7,2017,Sunday,8:55,Multiple,1,60,Arterial Road,No,No,Weekend,Day,1
3321,20175127,7,2017,Saturday,19:25,Multiple,1,110,National or State Highway,No,No,Weekend,Night,1
3323,20175016,7,2017,Friday,15:50,Single,1,50,Local Road,No,No,Weekday,Day,1
3326,20175031,7,2017,Thursday,17:50,Multiple,1,60,Local Road,No,No,Weekday,Day,1
3328,20175113,7,2017,Wednesday,23:15,Single,1,110,Local Road,No,No,Weekday,Night,1
3364,20175074,7,2017,Sunday,20:50,Single,1,80,Arterial Road,No,No,Weekend,Night,1
3376,20175081,7,2017,Tuesday,9:00,Multiple,1,50,Local Road,No,No,Weekday,Day,1
3378,20175133,7,2017,Monday,16:20,Single,1,80,Arterial Road,No,No,Weekday,Day,1
3399,20175104,7,2017,Wednesday,13:15,Single,1,110,Local Road,No,No,Weekday,Day,1
3408,20175015,7,2017,Monday,21:14,Single,1,110,National or State Highway,No,No,Weekday,Night,1
3413,20175001,7,2017,Sunday,17:15,Multiple,1,60,Local Road,No,No,Weekend,Day,1
3421,20175111,6,2017,Friday,18:20,Single,1,100,National or State Highway,No,No,Weekend,Night,1
3422,20175011,6,2017,Friday,15:00,Multiple,2,40,National or State Highway,No,No,Weekday,Day,1
3424,20175091,6,2017,Thursday,7:00,Single,1,110,National or State Highway,No,No,Weekday,Day,1
3436,20175063,6,2017,Saturday,8:08,Multiple,1,80,Local Road,No,No,Weekend,Day,1
3460,20175070,6,2017,Sunday,8:52,Multiple,1,110,,No,No,Weekend,Day,1
3474,20175143,6,2017,Tuesday,16:35,Pedestrian,1,60,Local Road,No,No,Weekday,Day,1
3486,20175095,6,2017,Friday,17:30,Multiple,1,60,,No,No,Weekday,Day,1
3491,20175007,6,2017,Thursday,9:20,Single,1,110,,No,No,Weekday,Day,1
3497,20175006,6,2017,Monday,12:45,Multiple,1,110,Arterial Road,No,No,Weekday,Day,1
3506,20175147,6,2017,Friday,17:17,Multiple,1,60,National or State Highway,No,No,Weekday,Day,1
3510,20175061,6,2017,Thursday,13:45,Single,1,110,Local Road,No,No,Weekday,Day,1
3516,20175110,5,2017,Monday,19:00,Single,1,110,National or State Highway,No,No,Weekday,Night,1
3517,20175060,5,2017,Monday,7:30,Single,1,110,Arterial Road,No,No,Weekday,Day,1
3525,20175075,5,2017,Sunday,12:30,Single,1,100,,No,No,Weekend,Day,1
3534,20175048,5,2017,Wednesday,0:14,Single,1,60,,No,No,Weekday,Night,1
3544,20175098,5,2017,Sunday,10:55,Single,1,60,,No,No,Weekend,Day,1
3546,20175124,5,2017,Saturday,10:38,Pedestrian,1,50,,No,No,Weekend,Day,1
3571,20175152,5,2017,Friday,11:00,Multiple,1,110,National or State Highway,No,No,Weekday,Day,1
3610,20175092,4,2017,Saturday,20:19,Single,2,70,Arterial Road,No,No,Weekend,Night,1
3611,20175080,4,2017,Friday,14:03,Multiple,1,60,Arterial Road,No,No,Weekday,Day,1
3623,20175071,4,2017,Monday,10:25,Single,1,90,National or State Highway,No,No,Weekday,Day,1
3629,20175005,4,2017,Friday,17:29,Multiple,1,80,National or State Highway,No,No,Weekday,Day,1
3631,20175108,4,2017,Thursday,14:00,Single,1,60,Arterial Road,No,No,Weekday,Day,1
3638,20175103,4,2017,Wednesday,21:00,Single,1,110,Local Road,No,No,Weekday,Night,1
3645,20175030,4,2017,Tuesday,14:50,Multiple,1,60,Local Road,No,No,Weekday,Day,1
3652,20175099,4,2017,Friday,0:04,Single,1,50,Local Road,No,Yes,Weekday,Night,1
3661,20175135,4,2017,Tuesday,6:16,Multiple,1,100,Arterial Road,No,No,Weekday,Day,1
3663,20175069,4,2017,Monday,18:50,Single,1,50,Local Road,No,No,Weekday,Night,1
3669,20175025,4,2017,Saturday,18:20,Multiple,2,110,National or State Highway,No,No,Weekend,Night,1
3670,20175116,4,2017,Saturday,12:00,Single,1,80,Arterial Road,No,No,Weekend,Day,1
3677,20175096,4,2017,Friday,2:50,Single,1,80,Local Road,No,No,Weekday,Night,1
3688,20175049,4,2017,Monday,17:30,Single,1,50,Local Road,No,No,Weekday,Day,1
3690,20175085,4,2017,Sunday,4:30,Single,1,110,Local Road,No,No,Weekend,Night,1
3694,20175114,4,2017,Saturday,20:06,Pedestrian,1,50,Local Road,No,No,Weekend,Night,1
3695,20175136,4,2017,Saturday,22:05,Multiple,1,70,Arterial Road,No,No,Weekend,Night,1
3699,20175125,3,2017,Friday,12:40,Single,1,110,Arterial Road,No,No,Weekday,Day,1
3704,20175077,3,2017,Thursday,17:40,Single,1,110,Arterial Road,No,No,Weekday,Day,1
3709,20175039,3,2017,Wednesday,14:40,Single,1,110,National or State Highway,No,No,Weekday,Day,1
3729,20175120,3,2017,Friday,11:02,Multiple,1,80,National or State Highway,No,No,Weekday,Day,1
3732,20175109,3,2017,Thursday,14:28,Multiple,1,50,Local Road,No,No,Weekday,Day,1
3733,20175115,3,2017,Wednesday,9:45,Multiple,1,70,Arterial Road,No,No,Weekday,Day,1
3737,20175018,3,2017,Tuesday,8:00,Single,1,110,National or State Highway,No,No,Weekday,Day,1
3752,20175137,3,2017,Tuesday,19:39,Pedestrian,1,50,Local Road,No,No,Weekday,Night,1
3755,20175056,3,2017,Monday,15:15,Single,1,60,National or State Highway,No,No,Weekday,Day,1
3762,20175068,3,2017,Saturday,4:45,Single,1,20,,No,No,Weekend,Night,1
3768,20175112,3,2017,Thursday,2:00,Single,1,110,Local Road,No,No,Weekday,Night,1
3769,20175106,3,2017,Thursday,20:20,Multiple,1,60,Arterial Road,No,No,Weekday,Night,1
3772,20175148,3,2017,Tuesday,17:15,Single,1,50,Local Road,No,No,Weekday,Day,1
3774,20175105,3,2017,Monday,11:00,Single,1,110,National or State Highway,No,No,Weekday,Day,1
3775,20175042,3,2017,Sunday,14:43,Multiple,1,110,National or State Highway,No,No,Weekend,Day,1
3807,20175065,2,2017,Sunday,5:21,Single,1,110,,No,No,Weekend,Night,1
3811,20175149,2,2017,Saturday,16:45,Multiple,1,110,National or State Highway,No,No,Weekend,Day,1
3829,20175134,2,2017,Saturday,15:35,Single,1,110,National or State Highway,No,No,Weekend,Day,1
3833,20175118,2,2017,Friday,18:15,Single,1,50,Undetermined,No,No,Weekend,Night,1
3834,20175023,2,2017,Friday,9:30,Single,1,110,National or State Highway,No,No,Weekday,Day,1
3835,20175032,2,2017,Friday,16:45,Multiple,1,100,National or State Highway,No,No,Weekday,Day,1
3850,20175003,2,2017,Friday,15:55,Multiple,1,110,National or State Highway,No,No,Weekday,Day,1
3860,20175064,1,2017,Sunday,12:11,Multiple,2,110,National or State Highway,No,No,Weekend,Day,1
3863,20175139,1,2017,Saturday,1:33,Single,1,70,Arterial Road,No,No,Weekend,Night,1
3864,20175144,1,2017,Saturday,21:30,Single,1,20,,No,No,Weekend,Night,1
3874,20175097,1,2017,Tuesday,19:58,Multiple,1,60,Local Road,No,No,Weekday,Night,1
3875,20175129,1,2017,Tuesday,12:48,Pedestrian,1,60,National or State Highway,No,No,Weekday,Day,1
3878,20175146,1,2017,Monday,11:43,Single,1,80,National or State Highway,No,No,Weekday,Day,1
3889,20175024,1,2017,Wednesday,5:15,Single,1,110,Local Road,No,No,Weekday,Night,1
3896,20175128,1,2017,Monday,1:20,Multiple,1,50,Arterial Road,No,No,Weekend,Night,1
3908,20175150,1,2017,Friday,17:30,Single,1,90,National or State Highway,No,No,Weekday,Day,1
3917,20175044,1,2017,Wednesday,18:30,Single,1,80,National or State Highway,No,No,Weekday,Night,1
3924,20175013,1,2017,Sunday,10:23,Single,1,-9,Arterial Road,No,No,Weekend,Day,1
3935,20175062,1,2017,Tuesday,15:21,Multiple,1,70,Local Road,Yes,No,Weekday,Day,1
3939,20175082,1,2017,Monday,18:27,Single,1,110,Local Road,Yes,No,Weekday,Night,1
3941,20175058,1,2017,Sunday,16:30,Multiple,1,100,National or State Highway,Yes,No,Weekend,Day,1
3942,20175089,1,2017,Sunday,17:14,Multiple,1,70,Arterial Road,Yes,No,Weekend,Day,1
3952,20165036,12,2016,Wednesday,19:30,Multiple,1,50,LOCAL ROAD,Yes,No,Weekday,Night,1
3960,20165027,12,2016,Monday,15:29,Single,1,110,LOCAL ROAD,Yes,No,Weekday,Day,1
3968,20165081,12,2016,Saturday,1:10,Multiple,1,110,NATIONAL OR STATE HIGHWAY,Yes,No,Weekend,Night,1
3969,20165025,12,2016,Friday,4:50,Single,1,110,NATIONAL OR STATE HIGHWAY,Yes,No,Weekday,Night,1
3972,20165151,12,2016,Wednesday,16:19,Single,1,110,LOCAL ROAD,No,No,Weekday,Day,1
3984,20165039,12,2016,Saturday,5:20,Single,1,70,NATIONAL OR STATE HIGHWAY,No,No,Weekend,Night,1
3993,20165012,12,2016,Thursday,22:31,Single,2,50,LOCAL ROAD,No,No,Weekday,Night,1
3998,20165158,12,2016,Wednesday,14:30,Single,1,90,ARTERIAL ROAD,No,No,Weekday,Day,1
3999,20165088,12,2016,Wednesday,10:15,Single,1,110,LOCAL ROAD,No,No,Weekday,Day,1
4004,20165162,12,2016,Monday,5:00,Single,1,110,ARTERIAL ROAD,No,No,Weekend,Night,1
4005,20165062,12,2016,Monday,11:40,Multiple,2,110,NATIONAL OR STATE HIGHWAY,No,No,Weekday,Day,1
4018,20165105,12,2016,Saturday,19:38,Single,1,70,ARTERIAL ROAD,No,No,Weekend,Night,1
4021,20165032,12,2016,Friday,15:20,Single,1,110,,No,No,Weekday,Day,1
4022,20165110,12,2016,Friday,15:25,Single,2,110,LOCAL ROAD,No,No,Weekday,Day,1
4029,20165131,12,2016,Tuesday,21:00,Pedestrian,1,60,LOCAL ROAD,No,No,Weekday,Night,1
4034,20165113,12,2016,Sunday,3:33,Multiple,1,110,NATIONAL OR STATE HIGHWAY,No,No,Weekend,Night,1
4057,20165066,11,2016,Monday,15:40,Multiple,1,110,NATIONAL OR STATE HIGHWAY,No,No,Weekday,Day,1
4063,20165078,11,2016,Sunday,20:55,Pedestrian,1,60,ARTERIAL ROAD,No,No,Weekend,Night,1
4069,20165126,11,2016,Friday,6:35,Single,1,110,ARTERIAL ROAD,No,No,Weekday,Day,1
4070,20165003,11,2016,Thursday,6:45,Pedestrian,1,100,NATIONAL OR STATE HIGHWAY,No,No,Weekday,Day,1
4080,20165160,11,2016,Tuesday,0:20,Single,1,50,LOCAL ROAD,No,No,Weekday,Night,1
4092,20165156,11,2016,Sunday,12:50,Single,2,110,LOCAL ROAD,No,No,Weekend,Day,1
4097,20165041,11,2016,Saturday,22:00,Multiple,1,70,NATIONAL OR STATE HIGHWAY,No,No,Weekend,Night,1
4098,20165136,11,2016,Saturday,22:21,Multiple,1,80,ARTERIAL ROAD,No,No,Weekend,Night,1
4100,20165043,11,2016,Friday,0:10,Single,1,60,ARTERIAL ROAD,No,No,Weekday,Night,1
4114,20165125,11,2016,Tuesday,17:25,Multiple,1,80,,No,No,Weekday,Day,1
4118,20165168,11,2016,Sunday,17:45,Single,1,90,LOCAL ROAD,No,No,Weekend,Day,1
4119,20165077,11,2016,Sunday,14:07,Single,1,80,ARTERIAL ROAD,No,No,Weekend,Day,1
4123,20165089,11,2016,Saturday,21:45,Single,1,60,ARTERIAL ROAD,No,No,Weekend,Night,1
4125,20165117,11,2016,Friday,5:56,Multiple,1,100,LOCAL ROAD,No,No,Weekday,Night,1
4142,20165011,11,2016,Saturday,22:20,Single,1,110,NATIONAL OR STATE HIGHWAY,No,No,Weekend,Night,1
4144,20165119,11,2016,Thursday,0:15,Single,1,110,NATIONAL OR STATE HIGHWAY,No,No,Weekday,Night,1
4151,20165034,10,2016,Sunday,16:02,Single,1,-9,NATIONAL OR STATE HIGHWAY,No,No,Weekend,Day,1
4165,20165071,10,2016,Tuesday,18:35,Single,1,70,ARTERIAL ROAD,No,No,Weekday,Night,1
4173,20165167,10,2016,Sunday,16:12,Single,1,110,LOCAL ROAD,No,No,Weekend,Day,1
4178,20165138,10,2016,Saturday,11:55,Single,2,110,NATIONAL OR STATE HIGHWAY,No,No,Weekend,Day,1
4187,20165022,10,2016,Thursday,18:17,Multiple,1,50,LOCAL ROAD,No,No,Weekday,Night,1
4188,20165101,10,2016,Thursday,15:05,Multiple,1,50,LOCAL ROAD,No,No,Weekday,Day,1
4191,20165086,10,2016,Wednesday,15:19,Single,1,110,ARTERIAL ROAD,No,No,Weekday,Day,1
4203,20165023,10,2016,Saturday,0:27,Single,1,60,ARTERIAL ROAD,No,No,Weekend,Night,1
4215,20165097,10,2016,Wednesday,20:48,Single,1,70,ARTERIAL ROAD,No,No,Weekday,Night,1
4216,20165128,10,2016,Wednesday,10:48,Multiple,1,80,LOCAL ROAD,No,No,Weekday,Day,1
4218,20165038,10,2016,Tuesday,19:35,Pedestrian,1,80,NATIONAL OR STATE HIGHWAY,No,No,Weekday,Night,1
4225,20165170,10,2016,Sunday,21:31,Multiple,1,70,ARTERIAL ROAD,No,No,Weekend,Night,1
4235,20165087,10,2016,Friday,9:20,Single,1,110,ARTERIAL ROAD,No,No,Weekday,Day,1
4247,20165018,10,2016,Sunday,3:30,Single,1,110,LOCAL ROAD,No,No,Weekend,Night,1
4248,20165069,10,2016,Sunday,9:48,Multiple,2,110,ARTERIAL ROAD,No,No,Weekend,Day,1
4253,20165122,10,2016,Saturday,23:30,Single,1,110,ARTERIAL ROAD,No,No,Weekend,Night,1
4254,20165121,10,2016,Saturday,11:50,Single,3,110,NATIONAL OR STATE HIGHWAY,No,No,Weekend,Day,1
4265,20165102,9,2016,Tuesday,20:00,Single,1,110,ARTERIAL ROAD,No,No,Weekday,Night,1
4276,20165085,9,2016,Saturday,8:56,Single,1,90,LOCAL ROAD,No,No,Weekend,Day,1
4285,20165010,9,2016,Wednesday,16:00,Single,1,100,LOCAL ROAD,No,No,Weekday,Day,1
4286,20165165,9,2016,Tuesday,18:47,Pedestrian,1,70,ARTERIAL ROAD,No,No,Weekday,Night,1
4298,20165007,9,2016,Saturday,19:31,Multiple,2,70,LOCAL ROAD,No,No,Weekend,Night,1
4307,20165157,9,2016,Tuesday,22:20,Single,1,90,ARTERIAL ROAD,No,No,Weekday,Night,1
4310,20165149,9,2016,Monday,0:22,Single,1,80,LOCAL ROAD,No,No,Weekend,Night,1
4316,20165115,9,2016,Saturday,14:58,Single,1,50,LOCAL ROAD,No,No,Weekend,Day,1
4326,20165053,9,2016,Monday,16:35,Multiple,1,100,LOCAL ROAD,No,No,Weekday,Day,1
4337,20165109,9,2016,Friday,15:40,Multiple,1,60,NATIONAL OR STATE HIGHWAY,No,No,Weekday,Day,1
4342,20165146,9,2016,Thursday,15:45,Single,1,70,ARTERIAL ROAD,No,No,Weekday,Day,1
4344,20165099,8,2016,Wednesday,22:41,Single,1,110,ARTERIAL ROAD,No,No,Weekday,Night,1
4362,20165024,8,2016,Friday,13:45,Single,1,110,NATIONAL OR STATE HIGHWAY,No,No,Weekday,Day,1
4370,20165058,8,2016,Wednesday,22:55,Single,1,110,NATIONAL OR STATE HIGHWAY,No,No,Weekday,Night,1
4379,20165133,8,2016,Saturday,11:55,Multiple,1,70,LOCAL ROAD,No,No,Weekend,Day,1
4390,20165068,8,2016,Thursday,23:14,Single,1,110,ARTERIAL ROAD,No,No,Weekday,Night,1
4392,20165028,8,2016,Wednesday,12:09,Multiple,1,60,ARTERIAL ROAD,No,No,Weekday,Day,1
4396,20165123,8,2016,Tuesday,11:45,Single,2,110,NATIONAL OR STATE HIGHWAY,No,No,Weekday,Day,1
4398,20165067,8,2016,Monday,10:09,Multiple,1,60,ARTERIAL ROAD,No,No,Weekday,Day,1
4402,20165103,8,2016,Sunday,19:01,Multiple,3,90,ARTERIAL ROAD,No,No,Weekend,Night,1
4403,20165009,8,2016,Sunday,16:15,Multiple,1,100,NATIONAL OR STATE HIGHWAY,No,No,Weekend,Day,1
4404,20165095,8,2016,Sunday,13:54,Single,1,70,LOCAL ROAD,No,No,Weekend,Day,1
4418,20165140,8,2016,Thursday,11:05,Multiple,1,60,ARTERIAL ROAD,No,No,Weekday,Day,1
4430,20165050,8,2016,Sunday,1:37,Single,1,110,NATIONAL OR STATE HIGHWAY,No,No,Weekend,Night,1
4433,20165107,8,2016,Saturday,19:30,Single,1,-9,ARTERIAL ROAD,No,No,Weekend,Night,1
4454,20165152,7,2016,Sunday,20:00,Single,1,110,LOCAL ROAD,No,No,Weekend,Night,1
4462,20165143,7,2016,Friday,18:00,Pedestrian,1,60,NATIONAL OR STATE HIGHWAY,No,No,Weekend,Night,1
4483,20165017,7,2016,Friday,10:30,Multiple,1,110,NATIONAL OR STATE HIGHWAY,No,No,Weekday,Day,1
4490,20165144,7,2016,Wednesday,0:35,Single,1,110,ARTERIAL ROAD,No,No,Weekday,Night,1
4494,20165083,7,2016,Tuesday,17:09,Multiple,1,110,ARTERIAL ROAD,No,No,Weekday,Day,1
4503,20165055,7,2016,Sunday,22:39,Single,1,100,NATIONAL OR STATE HIGHWAY,No,No,Weekend,Night,1
4507,20165094,7,2016,Saturday,21:30,Pedestrian,1,110,ARTERIAL ROAD,No,No,Weekend,Night,1
4508,20165045,7,2016,Saturday,16:50,Multiple,1,80,NATIONAL OR STATE HIGHWAY,No,No,Weekend,Day,1
4515,20165090,7,2016,Thursday,15:48,Single,1,100,LOCAL ROAD,No,No,Weekday,Day,1
4532,20165073,7,2016,Saturday,7:48,Multiple,1,110,NATIONAL OR STATE HIGHWAY,No,No,Weekend,Day,1
4537,20165150,7,2016,Friday,23:00,Single,1,50,LOCAL ROAD,No,No,Weekend,Night,1
4538,20165106,7,2016,Friday,19:08,Single,1,80,NATIONAL OR STATE HIGHWAY,No,No,Weekend,Night,1
4539,20165031,7,2016,Friday,14:54,Multiple,1,80,LOCAL ROAD,No,No,Weekday,Day,1
4541,20165084,7,2016,Thursday,14:33,Multiple,1,50,LOCAL ROAD,No,No,Weekday,Day,1
4543,20165056,7,2016,Wednesday,21:58,Pedestrian,1,90,ARTERIAL ROAD,No,No,Weekday,Night,1
4544,20165005,7,2016,Wednesday,6:55,Single,1,110,NATIONAL OR STATE HIGHWAY,No,No,Weekday,Day,1
4548,20165054,7,2016,Sunday,15:50,Multiple,1,110,ARTERIAL ROAD,No,No,Weekend,Day,1
4555,20165046,7,2016,Saturday,21:55,Single,1,80,ARTERIAL ROAD,No,No,Weekend,Night,1
4559,20165037,7,2016,Friday,18:26,Single,1,50,LOCAL ROAD,No,No,Weekend,Night,1
4591,20165134,6,2016,Saturday,8:00,Single,1,110,,No,No,Weekend,Day,1
4600,20165064,6,2016,Thursday,0:01,Single,1,110,LOCAL ROAD,No,No,Weekday,Night,1
4606,20165042,6,2016,Tuesday,8:07,Single,1,110,LOCAL ROAD,No,No,Weekday,Day,1
4612,20165130,6,2016,Sunday,18:40,Single,1,-9,NATIONAL OR STATE HIGHWAY,No,No,Weekend,Night,1
4620,20165001,6,2016,Friday,21:10,Single,1,60,ARTERIAL ROAD,No,No,Weekend,Night,1
4625,20165048,6,2016,Thursday,13:06,Single,1,80,ARTERIAL ROAD,No,No,Weekday,Day,1
4626,20165051,6,2016,Thursday,15:20,Single,1,110,NATIONAL OR STATE HIGHWAY,No,No,Weekday,Day,1
4632,20165029,6,2016,Monday,19:14,Pedestrian,1,60,LOCAL ROAD,No,No,Weekday,Night,1
4644,20165120,6,2016,Thursday,16:11,Multiple,1,50,LOCAL ROAD,No,No,Weekday,Day,1
4647,20165166,6,2016,Wednesday,5:40,Single,1,50,LOCAL ROAD,No,No,Weekday,Night,1
4649,20165139,5,2016,Tuesday,22:08,Multiple,1,80,ARTERIAL ROAD,No,No,Weekday,Night,1
4650,20165112,5,2016,Tuesday,8:50,Single,1,70,LOCAL ROAD,No,No,Weekday,Day,1
4660,20165163,5,2016,Saturday,17:26,Multiple,1,80,LOCAL ROAD,No,No,Weekend,Day,1
4688,20165013,5,2016,Friday,19:41,Single,1,100,LOCAL ROAD,No,No,Weekend,Night,1
4692,20165100,5,2016,Wednesday,19:50,Multiple,2,110,ARTERIAL ROAD,No,No,Weekday,Night,1
4712,20165061,5,2016,Friday,6:53,Pedestrian,1,60,ARTERIAL ROAD,No,No,Weekday,Day,1
4717,20165063,5,2016,Thursday,14:57,Multiple,1,110,NATIONAL OR STATE HIGHWAY,No,No,Weekday,Day,1
4723,20165008,5,2016,Tuesday,10:30,Single,1,110,,No,No,Weekday,Day,1
4727,20165145,5,2016,Sunday,22:30,Single,1,50,ARTERIAL ROAD,No,No,Weekend,Night,1
4728,20165164,5,2016,Sunday,17:45,Multiple,1,70,ARTERIAL ROAD,No,No,Weekend,Day,1
4731,20165035,5,2016,Saturday,15:35,Single,1,110,ARTERIAL ROAD,No,No,Weekend,Day,1
4736,20165002,5,2016,Thursday,5:04,Multiple,1,110,NATIONAL OR STATE HIGHWAY,No,No,Weekday,Night,1
4747,20165049,5,2016,Sunday,8:00,Single,1,110,,No,No,Weekend,Day,1
4758,20165111,4,2016,Wednesday,18:00,Pedestrian,1,90,,No,No,Weekday,Night,1
4785,20165006,4,2016,Wednesday,15:56,Multiple,1,110,ARTERIAL ROAD,No,No,Weekday,Day,1
4788,20165040,4,2016,Tuesday,8:00,Single,2,110,,No,No,Weekday,Day,1
4794,20165129,4,2016,Sunday,12:52,Multiple,2,50,ARTERIAL ROAD,No,No,Weekend,Day,1
4795,20165135,4,2016,Sunday,12:36,Single,1,110,NATIONAL OR STATE HIGHWAY,No,No,Weekend,Day,1
4804,20165091,4,2016,Friday,17:41,Multiple,1,110,ARTERIAL ROAD,No,No,Weekday,Day,1
4812,20165033,4,2016,Wednesday,20:55,Single,1,-9,,No,No,Weekday,Night,1
4831,20165141,4,2016,Friday,17:10,Pedestrian,1,50,LOCAL ROAD,No,No,Weekday,Day,1
4837,20165047,4,2016,Monday,19:01,Multiple,1,60,ARTERIAL ROAD,No,No,Weekday,Night,1
4852,20165155,3,2016,Tuesday,15:00,Multiple,1,60,ARTERIAL ROAD,No,No,Weekday,Day,1
4853,20165052,3,2016,Tuesday,10:15,Multiple,1,60,,No,No,Weekday,Day,1
4856,20165142,3,2016,Monday,12:10,Single,1,80,LOCAL ROAD,No,Yes,Weekday,Day,1
4858,20165021,3,2016,Friday,12:30,Multiple,1,110,ARTERIAL ROAD,No,Yes,Weekday,Day,1
4861,20165093,3,2016,Thursday,6:30,Single,1,60,LOCAL ROAD,No,Yes,Weekday,Day,1
4862,20165148,3,2016,Wednesday,21:00,Multiple,1,110,NATIONAL OR STATE HIGHWAY,No,No,Weekday,Night,1
4870,20165161,3,2016,Monday,15:30,Multiple,1,110,LOCAL ROAD,No,No,Weekday,Day,1
4876,20165153,3,2016,Saturday,10:45,Single,1,110,NATIONAL OR STATE HIGHWAY,No,No,Weekend,Day,1
4888,20165075,3,2016,Tuesday,21:07,Single,1,110,ARTERIAL ROAD,No,No,Weekday,Night,1
4901,20165137,3,2016,Saturday,15:15,Single,1,110,LOCAL ROAD,No,No,Weekend,Day,1
4919,20165019,3,2016,Tuesday,13:26,Multiple,1,110,NATIONAL OR STATE HIGHWAY,No,No,Weekday,Day,1
4922,20165116,3,2016,Monday,8:00,Single,1,60,ARTERIAL ROAD,No,No,Weekday,Day,1
4926,20165044,3,2016,Sunday,21:00,Multiple,3,90,ARTERIAL ROAD,No,No,Weekend,Night,1
4927,20165015,3,2016,Sunday,11:30,Single,1,110,NATIONAL OR STATE HIGHWAY,No,No,Weekend,Day,1
4928,20165020,3,2016,Sunday,7:15,Single,1,110,ARTERIAL ROAD,No,No,Weekend,Day,1
4934,20165059,3,2016,Saturday,23:50,Single,3,60,ARTERIAL ROAD,No,No,Weekend,Night,1
4942,20165080,3,2016,Thursday,8:00,Multiple,2,50,,No,No,Weekday,Day,1
4980,20165026,2,2016,Saturday,13:26,Single,1,110,ARTERIAL ROAD,No,No,Weekend,Day,1
4982,20165169,2,2016,Friday,22:10,Single,2,110,LOCAL ROAD,No,No,Weekend,Night,1
4993,20165004,2,2016,Tuesday,18:15,Single,1,110,ARTERIAL ROAD,No,No,Weekday,Night,1
4994,20165070,2,2016,Tuesday,12:00,Pedestrian,1,110,NATIONAL OR STATE HIGHWAY,No,No,Weekday,Day,1
4995,20165132,2,2016,Tuesday,12:00,Pedestrian,1,50,,No,No,Weekday,Day,1
5007,20165104,2,2016,Thursday,0:45,Single,1,70,,No,No,Weekday,Night,1
5023,20165098,2,2016,Sunday,12:26,Multiple,1,60,ARTERIAL ROAD,No,No,Weekend,Day,1
5028,20165124,2,2016,Saturday,21:30,Single,1,110,,No,No,Weekend,Night,1
5029,20165147,2,2016,Saturday,22:45,Multiple,1,60,LOCAL ROAD,No,No,Weekend,Night,1
5037,20165057,2,2016,Wednesday,21:00,Single,1,110,ARTERIAL ROAD,No,No,Weekday,Night,1
5038,20165016,2,2016,Wednesday,6:39,Multiple,1,110,NATIONAL OR STATE HIGHWAY,No,No,Weekday,Day,1
5049,20165127,1,2016,Friday,21:19,Single,1,80,NATIONAL OR STATE HIGHWAY,No,No,Weekend,Night,1
5050,20165154,1,2016,Friday,15:24,Single,1,110,ARTERIAL ROAD,No,No,Weekday,Day,1
5061,20165072,1,2016,Wednesday,5:00,Single,1,110,,No,No,Weekday,Night,1
5062,20165074,1,2016,Wednesday,8:01,Single,1,110,,No,No,Weekday,Day,1
5073,20165014,1,2016,Sunday,19:53,Single,1,80,LOCAL ROAD,No,No,Weekend,Night,1
5082,20165030,1,2016,Friday,2:30,Single,1,110,NATIONAL OR STATE HIGHWAY,No,No,Weekday,Night,1
5083,20165079,1,2016,Friday,9:35,Single,1,110,NATIONAL OR STATE HIGHWAY,No,No,Weekday,Day,1
5088,20165096,1,2016,Wednesday,7:40,Multiple,2,110,NATIONAL OR STATE HIGHWAY,No,No,Weekday,Day,1
5095,20165082,1,2016,Monday,17:29,Multiple,2,110,NATIONAL OR STATE HIGHWAY,No,No,Weekday,Day,1
5106,20165065,1,2016,Thursday,18:45,Pedestrian,1,110,NATIONAL OR STATE HIGHWAY,No,No,Weekday,Night,1
5107,20165118,1,2016,Thursday,15:35,Multiple,1,110,NATIONAL OR STATE HIGHWAY,No,No,Weekday,Day,1
5118,20165092,1,2016,Sunday,11:45,Single,1,90,NATIONAL OR STATE HIGHWAY,No,No,Weekend,Day,1
5124,20165060,1,2016,Saturday,2:15,Single,1,100,LOCAL ROAD,No,No,Weekend,Night,1
5125,20165076,1,2016,Saturday,16:10,Single,1,110,NATIONAL OR STATE HIGHWAY,No,No,Weekend,Day,1
5127,20165108,1,2016,Friday,8:00,Multiple,1,70,,No,No,Weekday,Day,1
5133,20165114,1,2016,Monday,15:47,Single,1,110,LOCAL ROAD,No,No,Weekday,Day,1
5138,20165159,1,2016,Saturday,17:20,Multiple,1,110,ARTERIAL ROAD,Yes,No,Weekend,Day,1
5161,20155003,12,2015,Friday,17:30,Single,1,110,NATIONAL OR STATE HIGHWAY,Yes,No,Weekday,Day,1
5170,20155116,12,2015,Tuesday,12:38,Multiple,1,60,LOCAL ROAD,No,No,Weekday,Day,1
5175,20155081,12,2015,Sunday,1:20,Pedestrian,1,80,NATIONAL OR STATE HIGHWAY,No,No,Weekend,Night,1
5176,20155035,12,2015,Sunday,10:10,Single,1,110,ARTERIAL ROAD,No,No,Weekend,Day,1
5183,20155139,12,2015,Friday,15:15,Single,1,110,ARTERIAL ROAD,No,No,Weekday,Day,1
5186,20155045,12,2015,Thursday,4:55,Single,1,110,,No,No,Weekday,Night,1
5191,20155102,12,2015,Wednesday,6:12,Multiple,1,80,NATIONAL OR STATE HIGHWAY,No,No,Weekday,Day,1
5192,20155080,12,2015,Wednesday,14:45,Multiple,1,110,NATIONAL OR STATE HIGHWAY,No,No,Weekday,Day,1
5198,20155103,12,2015,Sunday,18:18,Single,1,110,NATIONAL OR STATE HIGHWAY,No,No,Weekend,Night,1
5200,20155021,12,2015,Saturday,14:30,Single,1,100,NATIONAL OR STATE HIGHWAY,No,No,Weekend,Day,1
5215,20155009,12,2015,Sunday,5:41,Multiple,1,80,LOCAL ROAD,No,No,Weekend,Night,1
5220,20155018,12,2015,Friday,2:43,Single,1,110,LOCAL ROAD,No,No,Weekday,Night,1
5224,20155044,12,2015,Wednesday,21:44,Single,3,70,ARTERIAL ROAD,No,No,Weekday,Night,1
5225,20155011,12,2015,Wednesday,15:09,Multiple,1,50,LOCAL ROAD,No,No,Weekday,Day,1
5226,20155034,12,2015,Tuesday,23:18,Single,1,70,ARTERIAL ROAD,No,No,Weekday,Night,1
5234,20155121,11,2015,Monday,8:15,Single,1,110,ARTERIAL ROAD,No,No,Weekday,Day,1
5235,20155063,11,2015,Monday,11:56,Pedestrian,1,50,ARTERIAL ROAD,No,No,Weekday,Day,1
5245,20155140,11,2015,Thursday,0:56,Single,1,110,ARTERIAL ROAD,No,No,Weekday,Night,1
5254,20155004,11,2015,Monday,3:03,Single,2,90,NATIONAL OR STATE HIGHWAY,No,No,Weekend,Night,1
5258,20155006,11,2015,Saturday,15:00,Single,1,110,LOCAL ROAD,No,No,Weekend,Day,1
5267,20155026,11,2015,Wednesday,14:24,Multiple,1,110,ARTERIAL ROAD,No,No,Weekday,Day,1
5274,20155024,11,2015,Monday,14:45,Pedestrian,1,60,ARTERIAL ROAD,No,No,Weekday,Day,1
5297,20155112,11,2015,Saturday,9:25,Single,1,110,NATIONAL OR STATE HIGHWAY,No,No,Weekend,Day,1
5303,20155058,11,2015,Friday,18:03,Single,1,60,ARTERIAL ROAD,No,No,Weekend,Night,1
5314,20155071,11,2015,Sunday,17:20,Multiple,1,80,ACCESS ROAD,No,No,Weekend,Day,1
5324,20155042,10,2015,Wednesday,20:15,Single,1,70,LOCAL ROAD,No,No,Weekday,Night,1
5331,20155076,10,2015,Monday,13:23,Multiple,1,70,ARTERIAL ROAD,No,No,Weekday,Day,1
5332,20155130,10,2015,Monday,14:20,Multiple,1,80,NATIONAL OR STATE HIGHWAY,No,No,Weekday,Day,1
5354,20155015,10,2015,Thursday,5:40,Multiple,1,90,LOCAL ROAD,No,No,Weekday,Night,1
5361,20155114,10,2015,Monday,0:50,Multiple,1,70,,No,No,Weekend,Night,1
5362,20155086,10,2015,Monday,16:10,Multiple,1,110,,No,No,Weekday,Day,1
5373,20155053,10,2015,Saturday,20:30,Single,1,110,,No,No,Weekend,Night,1
5399,20155097,10,2015,Saturday,5:39,Single,1,110,ARTERIAL ROAD,No,No,Weekend,Night,1
5400,20155029,10,2015,Friday,17:32,Pedestrian,1,60,NATIONAL OR STATE HIGHWAY,No,No,Weekday,Day,1
5415,20155008,10,2015,Monday,13:20,Multiple,2,110,,No,No,Weekday,Day,1
5430,20155137,10,2015,Thursday,16:41,Multiple,1,50,LOCAL ROAD,No,No,Weekday,Day,1
5438,20155072,9,2015,Monday,16:48,Single,2,110,NATIONAL OR STATE HIGHWAY,No,No,Weekday,Day,1
5441,20155129,9,2015,Sunday,7:09,Multiple,1,80,,No,No,Weekend,Day,1
5442,20155111,9,2015,Sunday,14:40,Single,1,-9,ARTERIAL ROAD,No,No,Weekend,Day,1
5446,20155030,9,2015,Saturday,15:00,Single,1,110,,No,No,Weekend,Day,1
5450,20155117,9,2015,Friday,19:58,Multiple,1,90,,No,No,Weekend,Night,1
5453,20155135,9,2015,Thursday,22:22,Single,2,80,NATIONAL OR STATE HIGHWAY,No,No,Weekday,Night,1
5469,20155099,9,2015,Saturday,16:00,Single,1,90,ARTERIAL ROAD,No,No,Weekend,Day,1
5471,20155122,9,2015,Friday,14:20,Single,1,110,ARTERIAL ROAD,No,No,Weekday,Day,1
5475,20155106,9,2015,Thursday,21:01,Single,1,50,LOCAL ROAD,No,No,Weekday,Night,1
5495,20155120,9,2015,Saturday,23:09,Pedestrian,1,60,ARTERIAL ROAD,No,No,Weekend,Night,1
5498,20155037,9,2015,Thursday,17:56,Single,1,90,LOCAL ROAD,No,No,Weekday,Day,1
5514,20155096,9,2015,Thursday,18:51,Pedestrian,1,60,ARTERIAL ROAD,No,No,Weekday,Night,1
5517,20155043,9,2015,Tuesday,18:52,Pedestrian,1,50,LOCAL ROAD,No,No,Weekday,Night,1
5522,20155020,8,2015,Sunday,7:53,Single,1,90,LOCAL ROAD,No,No,Weekend,Day,1
5537,20155094,8,2015,Monday,5:30,Multiple,1,110,NATIONAL OR STATE HIGHWAY,No,No,Weekend,Night,1
5553,20155032,8,2015,Thursday,15:12,Pedestrian,1,80,ARTERIAL ROAD,No,No,Weekday,Day,1
5563,20155056,8,2015,Tuesday,23:45,Single,1,110,ARTERIAL ROAD,No,No,Weekday,Night,1
5564,20155041,8,2015,Tuesday,15:00,Single,1,110,NATIONAL OR STATE HIGHWAY,No,No,Weekday,Day,1
5570,20155027,8,2015,Monday,2:19,Single,1,110,ARTERIAL ROAD,No,No,Weekend,Night,1
5571,20155108,8,2015,Monday,2:05,Multiple,3,90,ARTERIAL ROAD,No,No,Weekend,Night,1
5572,20155119,8,2015,Monday,15:23,Multiple,1,60,ARTERIAL ROAD,No,No,Weekday,Day,1
5594,20155061,8,2015,Tuesday,13:45,Single,1,50,LOCAL ROAD,No,No,Weekday,Day,1
5597,20155059,8,2015,Monday,10:01,Single,1,110,NATIONAL OR STATE HIGHWAY,No,No,Weekday,Day,1
5610,20155074,8,2015,Wednesday,19:20,Multiple,1,110,ARTERIAL ROAD,No,No,Weekday,Night,1
5611,20155062,8,2015,Wednesday,9:38,Multiple,1,70,NATIONAL OR STATE HIGHWAY,No,No,Weekday,Day,1
5615,20155028,8,2015,Tuesday,21:06,Multiple,1,70,LOCAL ROAD,No,No,Weekday,Night,1
5616,20155101,8,2015,Tuesday,1:49,Single,1,60,ARTERIAL ROAD,No,No,Weekday,Night,1
5622,20155051,8,2015,Sunday,14:00,Single,1,110,LOCAL ROAD,No,No,Weekend,Day,1
5628,20155012,8,2015,Saturday,6:51,Multiple,4,70,ARTERIAL ROAD,No,No,Weekend,Day,1
5641,20155040,7,2015,Tuesday,22:49,Single,1,100,ARTERIAL ROAD,No,No,Weekday,Night,1
5660,20155093,7,2015,Wednesday,22:44,Multiple,1,110,NATIONAL OR STATE HIGHWAY,No,No,Weekday,Night,1
5671,20155019,7,2015,Saturday,19:15,Single,1,110,NATIONAL OR STATE HIGHWAY,No,No,Weekend,Night,1
5697,20155001,7,2015,Monday,22:25,Pedestrian,1,100,NATIONAL OR STATE HIGHWAY,No,No,Weekday,Night,1
5710,20155113,7,2015,Friday,17:00,Single,1,110,ARTERIAL ROAD,No,No,Weekday,Day,1
5719,20155067,6,2015,Tuesday,19:39,Single,1,110,ARTERIAL ROAD,No,No,Weekday,Night,1
5739,20155002,6,2015,Wednesday,10:54,Multiple,1,50,LOCAL ROAD,No,No,Weekday,Day,1
5743,20155064,6,2015,Saturday,4:20,Single,1,80,ARTERIAL ROAD,No,No,Weekend,Night,1
5759,20155005,6,2015,Tuesday,17:00,Pedestrian,1,60,ARTERIAL ROAD,No,No,Weekday,Day,1
5769,20155068,6,2015,Saturday,19:30,Single,1,100,LOCAL ROAD,No,No,Weekend,Night,1
5774,20155133,6,2015,Wednesday,15:28,Multiple,1,90,ARTERIAL ROAD,No,No,Weekday,Day,1
5775,20155090,6,2015,Wednesday,15:22,Multiple,1,100,ARTERIAL ROAD,No,No,Weekday,Day,1
5779,20155092,6,2015,Monday,2:34,Single,1,110,NATIONAL OR STATE HIGHWAY,No,No,Weekend,Night,1
5780,20155031,6,2015,Monday,13:50,Single,2,110,ARTERIAL ROAD,No,No,Weekday,Day,1
5809,20155052,5,2015,Saturday,9:31,Single,1,110,ARTERIAL ROAD,No,No,Weekend,Day,1
5817,20155107,5,2015,Thursday,18:13,Single,1,90,ARTERIAL ROAD,No,No,Weekday,Night,1
5836,20155131,5,2015,Friday,11:18,Multiple,1,110,NATIONAL OR STATE HIGHWAY,No,No,Weekday,Day,1
5854,20155127,5,2015,Saturday,3:16,Single,1,110,,No,No,Weekend,Night,1
5856,20155083,5,2015,Friday,10:49,Multiple,1,50,,No,No,Weekday,Day,1
5873,20155016,5,2015,Saturday,12:12,Single,1,110,LOCAL ROAD,No,No,Weekend,Day,1
5876,20155033,5,2015,Friday,7:43,Pedestrian,1,110,NATIONAL OR STATE HIGHWAY,No,No,Weekday,Day,1
5894,20155091,5,2015,Saturday,15:45,Multiple,1,110,NATIONAL OR STATE HIGHWAY,No,No,Weekend,Day,1
5898,20155078,5,2015,Friday,3:30,Single,1,110,NATIONAL OR STATE HIGHWAY,No,No,Weekday,Night,1
5899,20155132,5,2015,Friday,14:15,Single,1,110,NATIONAL OR STATE HIGHWAY,No,No,Weekday,Day,1
5908,20155136,4,2015,Sunday,0:15,Pedestrian,1,50,LOCAL ROAD,No,No,Weekend,Night,1
5924,20155050,4,2015,Monday,18:55,Multiple,1,100,ARTERIAL ROAD,No,No,Weekday,Night,1
5931,20155085,4,2015,Sunday,15:00,Single,2,110,ARTERIAL ROAD,No,No,Weekend,Day,1
5936,20155069,4,2015,Saturday,12:43,Multiple,1,60,ARTERIAL ROAD,No,No,Weekend,Day,1
5940,20155013,4,2015,Friday,9:15,Single,1,90,ARTERIAL ROAD,No,No,Weekday,Day,1
5943,20155128,4,2015,Thursday,13:25,Multiple,1,60,LOCAL ROAD,No,No,Weekday,Day,1
5954,20155010,4,2015,Sunday,7:45,Single,2,80,LOCAL ROAD,No,No,Weekend,Day,1
5955,20155110,4,2015,Sunday,8:42,Single,2,60,ARTERIAL ROAD,No,No,Weekend,Day,1
5970,20155065,4,2015,Monday,23:30,Multiple,1,110,NATIONAL OR STATE HIGHWAY,No,Yes,Weekday,Night,1
5984,20155070,4,2015,Friday,9:30,Single,1,110,NATIONAL OR STATE HIGHWAY,No,Yes,Weekday,Day,1
5985,20155138,4,2015,Thursday,12:34,Single,1,60,,No,Yes,Weekday,Day,1
5995,20155073,3,2015,Monday,5:45,Multiple,1,70,ARTERIAL ROAD,No,No,Weekend,Night,1
5997,20155109,3,2015,Sunday,6:06,Multiple,1,90,LOCAL ROAD,No,No,Weekend,Day,1
5999,20155036,3,2015,Saturday,4:40,Multiple,2,100,NATIONAL OR STATE HIGHWAY,No,No,Weekend,Night,1
6000,20155039,3,2015,Saturday,8:48,Multiple,1,100,NATIONAL OR STATE HIGHWAY,No,No,Weekend,Day,1
6001,20155007,3,2015,Saturday,8:45,Multiple,1,80,ARTERIAL ROAD,No,No,Weekend,Day,1
6009,20155088,3,2015,Wednesday,20:15,Single,1,60,ARTERIAL ROAD,No,No,Weekday,Night,1
6015,20155017,3,2015,Saturday,15:30,Single,2,110,ARTERIAL ROAD,No,No,Weekend,Day,1
6021,20155125,3,2015,Friday,10:45,Multiple,2,110,NATIONAL OR STATE HIGHWAY,No,No,Weekday,Day,1
6034,20155057,3,2015,Saturday,22:00,Single,1,80,ARTERIAL ROAD,No,No,Weekend,Night,1
6039,20155134,3,2015,Friday,15:00,Multiple,1,80,NATIONAL OR STATE HIGHWAY,No,No,Weekday,Day,1
6049,20155025,3,2015,Monday,5:45,Single,1,40,ARTERIAL ROAD,No,No,Weekend,Night,1
6050,20155126,3,2015,Monday,18:30,Pedestrian,1,-9,,No,No,Weekday,Night,1
6059,20155054,3,2015,Saturday,3:35,Single,1,110,LOCAL ROAD,No,No,Weekend,Night,1
6063,20155118,3,2015,Thursday,10:28,Multiple,1,80,NATIONAL OR STATE HIGHWAY,No,No,Weekday,Day,1
6066,20155047,3,2015,Tuesday,8:35,Single,1,110,,No,No,Weekday,Day,1
6077,20155077,3,2015,Sunday,14:07,Multiple,1,60,,No,No,Weekend,Day,1
6078,20155124,3,2015,Sunday,9:00,Single,1,110,,No,No,Weekend,Day,1
6080,20155038,2,2015,Saturday,18:00,Single,1,110,,No,No,Weekend,Night,1
6083,20155087,2,2015,Friday,14:59,Multiple,1,80,NATIONAL OR STATE HIGHWAY,No,No,Weekday,Day,1
6087,20155141,2,2015,Sunday,7:30,Single,1,110,,No,No,Weekend,Day,1
6098,20155095,2,2015,Thursday,4:05,Single,1,110,,No,No,Weekday,Night,1
6106,20155104,2,2015,Monday,5:17,Multiple,1,100,NATIONAL OR STATE HIGHWAY,No,No,Weekend,Night,1
6108,20155048,2,2015,Friday,21:20,Single,2,110,NATIONAL OR STATE HIGHWAY,No,No,Weekend,Night,1
6109,20155060,2,2015,Friday,2:30,Single,1,60,ARTERIAL ROAD,No,No,Weekday,Night,1
6114,20155123,2,2015,Tuesday,18:45,Multiple,1,60,ARTERIAL ROAD,No,No,Weekday,Night,1
6118,20155084,2,2015,Monday,11:50,Single,1,60,ARTERIAL ROAD,No,No,Weekday,Day,1
6124,20155105,2,2015,Sunday,8:30,Single,1,80,NATIONAL OR STATE HIGHWAY,No,No,Weekend,Day,1
6128,20155014,2,2015,Saturday,11:19,Single,1,110,LOCAL ROAD,No,No,Weekend,Day,1
6141,20155075,2,2015,Monday,9:23,Single,1,50,LOCAL ROAD,No,No,Weekday,Day,1
6142,20155022,2,2015,Monday,8:00,Pedestrian,1,60,,No,No,Weekday,Day,1
6155,20155023,1,2015,Wednesday,17:41,Multiple,1,50,LOCAL ROAD,No,No,Weekday,Day,1
6158,20155055,1,2015,Tuesday,14:46,Single,1,110,NATIONAL OR STATE HIGHWAY,No,No,Weekday,Day,1
6165,20155049,1,2015,Monday,15:56,Single,1,90,NATIONAL OR STATE HIGHWAY,No,No,Weekday,Day,1
6170,20155089,1,2015,Sunday,16:49,Multiple,1,110,ARTERIAL ROAD,No,No,Weekend,Day,1
6193,20155100,1,2015,Sunday,14:32,Multiple,1,70,LOCAL ROAD,No,No,Weekend,Day,1
6208,20155066,1,2015,Thursday,17:38,Multiple,1,110,NATIONAL OR STATE HIGHWAY,No,No,Weekday,Day,1
6213,20155098,1,2015,Tuesday,18:04,Multiple,1,100,NATIONAL OR STATE HIGHWAY,No,No,Weekday,Night,1
6231,20155079,1,2015,Monday,16:00,Single,1,80,LOCAL ROAD,No,No,Weekday,Day,1
6233,20155115,1,2015,Sunday,22:20,Multiple,1,70,NATIONAL OR STATE HIGHWAY,No,No,Weekend,Night,1
6240,20155082,1,2015,Thursday,21:45,Single,1,110,NATIONAL OR STATE HIGHWAY,Yes,No,Weekday,Night,1